{"cameraMode":{"drawMode":0,"name":"Shaded","section":"Shading Mode"},"sceneLighting":false,"audioPlay":false,"sceneViewState":{"showFog":true,"showMaterialUpdate":true,"showSkybox":false,"showFlares":true,"showImageEffects":true,"showParticleSystems":true},"in2DMode":false,"pivot":{"x":566.0,"y":12.077412605285645,"z":460.26129150390627},"rotation":{"x":0.10588519275188446,"y":0.20115606486797334,"z":-0.02187792956829071,"w":0.9735738039016724},"size":1.454266905784607,"orthographic":false}