{"cameraMode":{"drawMode":0,"name":"Shaded","section":"Shading Mode"},"sceneLighting":true,"audioPlay":false,"sceneViewState":{"showFog":true,"showMaterialUpdate":true,"showSkybox":true,"showFlares":true,"showImageEffects":true,"showParticleSystems":true},"in2DMode":false,"pivot":{"x":408.93487548828127,"y":374.854248046875,"z":475.53472900390627},"rotation":{"x":-0.0050850906409323219,"y":0.07781343162059784,"z":-0.00039689720142632723,"w":-0.9969549179077148},"size":659.64697265625,"orthographic":false}