{"cameraMode":{"drawMode":0,"name":"Shaded","section":"Shading Mode"},"sceneLighting":false,"audioPlay":false,"sceneViewState":{"showFog":true,"showMaterialUpdate":true,"showSkybox":false,"showFlares":true,"showImageEffects":true,"showParticleSystems":true},"in2DMode":false,"pivot":{"x":0.0,"y":-0.004178982228040695,"z":0.04036547988653183},"rotation":{"x":0.06503348797559738,"y":-0.4631844460964203,"z":0.03410552069544792,"w":0.8832149505615234},"size":0.12619943916797639,"orthographic":false}