{"cameraMode":{"drawMode":0,"name":"Shaded","section":"Shading Mode"},"sceneLighting":true,"audioPlay":false,"sceneViewState":{"showFog":true,"showMaterialUpdate":true,"showSkybox":true,"showFlares":true,"showImageEffects":true,"showParticleSystems":true},"in2DMode":false,"pivot":{"x":297.3329772949219,"y":42.97043228149414,"z":183.8641815185547},"rotation":{"x":0.020597586408257486,"y":0.27926188707351687,"z":-0.005991888698190451,"w":0.9599753618240356},"size":1.29457688331604,"orthographic":false}