{"cameraMode":{"drawMode":0,"name":"Shaded","section":"Shading Mode"},"sceneLighting":true,"audioPlay":false,"sceneViewState":{"showFog":true,"showMaterialUpdate":true,"showSkybox":true,"showFlares":true,"showImageEffects":true,"showParticleSystems":true},"in2DMode":false,"pivot":{"x":600.2015991210938,"y":52.5390510559082,"z":244.1447296142578},"rotation":{"x":0.030544571578502656,"y":0.9557464122772217,"z":-0.10722991824150086,"w":0.27224552631378176},"size":0.16372676193714143,"orthographic":false}