{"cameraMode":{"drawMode":0,"name":"Shaded","section":"Shading Mode"},"sceneLighting":true,"audioPlay":false,"sceneViewState":{"showFog":true,"showMaterialUpdate":true,"showSkybox":true,"showFlares":true,"showImageEffects":true,"showParticleSystems":true},"in2DMode":false,"pivot":{"x":601.74072265625,"y":51.8411865234375,"z":243.40548706054688},"rotation":{"x":-0.032463718205690387,"y":0.49787667393684389,"z":-0.01865442655980587,"w":-0.8664392828941345},"size":0.48567986488342287,"orthographic":false}