{"cameraMode":{"drawMode":0,"name":"Shaded","section":"Shading Mode"},"sceneLighting":true,"audioPlay":false,"sceneViewState":{"showFog":true,"showMaterialUpdate":true,"showSkybox":true,"showFlares":true,"showImageEffects":true,"showParticleSystems":true},"in2DMode":false,"pivot":{"x":591.0467529296875,"y":49.62263107299805,"z":256.27056884765627},"rotation":{"x":0.08640757203102112,"y":-0.32953599095344546,"z":0.030301744118332864,"w":0.9396923184394836},"size":10.0,"orthographic":false}