{"cameraMode":{"drawMode":0,"name":"Shaded","section":"Shading Mode"},"sceneLighting":true,"audioPlay":false,"sceneViewState":{"showFog":true,"showMaterialUpdate":true,"showSkybox":true,"showFlares":true,"showImageEffects":true,"showParticleSystems":true},"in2DMode":false,"pivot":{"x":590.034423828125,"y":52.239707946777347,"z":240.2919158935547},"rotation":{"x":-0.06643710285425186,"y":0.44718217849731448,"z":-0.033330921083688739,"w":-0.8913491368293762},"size":2.841817855834961,"orthographic":false}