{"cameraMode":{"drawMode":0,"name":"Shaded","section":"Shading Mode"},"sceneLighting":true,"audioPlay":false,"sceneViewState":{"showFog":true,"showMaterialUpdate":true,"showSkybox":true,"showFlares":true,"showImageEffects":true,"showParticleSystems":true},"in2DMode":false,"pivot":{"x":541.0186157226563,"y":35.45817565917969,"z":289.5094299316406},"rotation":{"x":-0.02641254849731922,"y":0.47094079852104189,"z":-0.014108382165431977,"w":-0.8816564679145813},"size":1.29457688331604,"orthographic":false}