{"cameraMode":{"drawMode":0,"name":"Shaded","section":"Shading Mode"},"sceneLighting":true,"audioPlay":false,"sceneViewState":{"showFog":true,"showMaterialUpdate":true,"showSkybox":true,"showFlares":true,"showImageEffects":true,"showParticleSystems":true},"in2DMode":false,"pivot":{"x":636.0248413085938,"y":-19.817203521728517,"z":385.286376953125},"rotation":{"x":0.23208191990852357,"y":0.13290773332118989,"z":-0.032029252499341968,"w":0.963040828704834},"size":91.96380615234375,"orthographic":false}