{"cameraMode":{"drawMode":0,"name":"Shaded","section":"Shading Mode"},"sceneLighting":false,"audioPlay":false,"sceneViewState":{"showFog":true,"showMaterialUpdate":true,"showSkybox":false,"showFlares":true,"showImageEffects":true,"showParticleSystems":true},"in2DMode":false,"pivot":{"x":600.2454833984375,"y":52.29296875,"z":240.0040283203125},"rotation":{"x":0.02368372492492199,"y":0.4337129592895508,"z":-0.01140480488538742,"w":0.9006676077842712},"size":1.5466188192367554,"orthographic":false}