{"cameraMode":{"drawMode":0,"name":"Shaded","section":"Shading Mode"},"sceneLighting":false,"audioPlay":false,"sceneViewState":{"showFog":true,"showMaterialUpdate":true,"showSkybox":false,"showFlares":true,"showImageEffects":true,"showParticleSystems":true},"in2DMode":false,"pivot":{"x":0.0,"y":-0.004178982228040695,"z":0.04036547988653183},"rotation":{"x":0.065033458173275,"y":-0.4631842374801636,"z":0.03410550579428673,"w":0.88321453332901},"size":0.12619943916797639,"orthographic":false}