{"cameraMode":{"drawMode":0,"name":"Shaded","section":"Shading Mode"},"sceneLighting":false,"audioPlay":false,"sceneViewState":{"showFog":true,"showMaterialUpdate":true,"showSkybox":false,"showFlares":true,"showImageEffects":true,"showParticleSystems":true},"in2DMode":false,"pivot":{"x":600.474365234375,"y":52.143428802490237,"z":242.78126525878907},"rotation":{"x":0.0014799654018133879,"y":0.23683004081249238,"z":0.00036076304968446493,"w":-0.971549928188324},"size":0.06415419280529022,"orthographic":false}