{"cameraMode":{"drawMode":0,"name":"Shaded","section":"Shading Mode"},"sceneLighting":false,"audioPlay":false,"sceneViewState":{"showFog":true,"showMaterialUpdate":true,"showSkybox":false,"showFlares":true,"showImageEffects":true,"showParticleSystems":true},"in2DMode":false,"pivot":{"x":-0.16808441281318665,"y":-0.013893159106373787,"z":1.039373755455017},"rotation":{"x":-0.00005309397238306701,"y":-0.9851002097129822,"z":0.0003041308664251119,"w":-0.17198093235492707},"size":0.3714902400970459,"orthographic":false}